[
  {
    "name": "周承乾",
    "amount": 40.0
  },
  {
    "name": "禚赫威",
    "amount": 11.0
  },
  {
    "name": "Leoliu",
    "amount": 11.0
  },
  {
    "name": "老张",
    "amount": 11.0
  },
  {
    "name": "兢克",
    "amount": 11.0
  },
  {
    "name": "Chovy",
    "amount": 11.0
  },
  {
    "name": "张城甜",
    "amount": 11.0
  },
  {
    "name": "柚子",
    "amount": 11.0
  },
  {
    "name": "Pheobe",
    "amount": 11.0
  },
  {
    "name": "梁",
    "amount": 11.0
  },
  {
    "name": "李啸",
    "amount": 10.0
  },
  {
    "name": "哈士奇",
    "amount": 10.0
  },
  {
    "name": "孙攀",
    "amount": 10.0
  },
  {
    "name": "Mark",
    "amount": 10.0
  },
  {
    "name": "Aubrey",
    "amount": 10.0
  },
  {
    "name": "张文波",
    "amount": 10.0
  },
  {
    "name": "Yezhan Weimei",
    "amount": 10.0
  },
  {
    "name": "Vivi",
    "amount": 10.0
  },
  {
    "name": "易先生",
    "amount": 10.0
  }
]